{
  "key": "BlankExperience",
  "displayName": "Blank Experience",
  "description": "An experience without a predefined layout. ",
  "baseType": "experience",
  "source": "serverModel",
  "sortOrder": 0,
  "features": [
    "localization",
    "versioning",
    "publishPeriod",
    "routing"
  ],
  "usage": [
    "instance"
  ],
  "mayContainTypes": [
    "ArticleGroupPage",
    "BlankExperience",
    "ArticlePage"
  ],
  "mediaFileExtensions": [],
  "created": "2024-03-20T01:02:47.8366667+00:00",
  "lastModified": "2024-06-14T03:01:49.4129987+00:00",
  "lastModifiedBy": "",
  "properties": {
    "Layout": {
      "type": "json",
      "format": "Layout",
      "displayName": "Layout",
      "description": "",
      "localized": true,
      "required": false,
      "group": "Information",
      "sortOrder": 0,
      "indexingType": "disabled",
      "editorSettings": {}
    },
    "UnstructuredData": {
      "type": "array",
      "displayName": "UnstructuredData",
      "description": "",
      "localized": true,
      "required": false,
      "group": "Information",
      "sortOrder": 0,
      "indexingType": "disabled",
      "editorSettings": {},
      "items": {
        "type": "content",
        "allowedTypes": [
          "section"
        ],
        "restrictedTypes": []
      }
    },
    "SeoSettings": {
      "type": "component",
      "contentType": "PageSeoSettings",
      "displayName": "SEO Settings",
      "description": "",
      "localized": false,
      "required": false,
      "group": "SeoData",
      "sortOrder": 1000,
      "editorSettings": {}
    }
  }
}