{
    "key": "CardRow",
    "displayName": "Card",
    "nodeType": "row",
    "isDefault": false,
    "settings": {
        "vSpacing": {
            "displayName": "Vertical Spacing",
            "sortOrder": 5,
            "choices": {
                "none": {
                    "displayName": "None",
                    "sortOrder": 10
                },
                "small": {
                    "displayName": "Small",
                    "sortOrder": 20
                },
                "medium": {
                    "displayName": "Medium",
                    "sortOrder": 30
                },
                "large": {
                    "displayName": "Large",
                    "sortOrder": 40
                }
            }
        },
        "rowBackgroundColor": {
            "displayName": "Background color",
            "sortOrder": 10,
            "choices": {
                "white": {
                    "displayName": "White",
                    "sortOrder": 10
                },
                "blue": {
                    "displayName": "Blue",
                    "sortOrder": 20
                },
                "dark_blue": {
                    "displayName": "Dark blue",
                    "sortOrder": 30
                },
                "orange": {
                    "displayName": "Orange",
                    "sortOrder": 40
                },
                "green": {
                    "displayName": "Green",
                    "sortOrder": 50
                },
                "red": {
                    "displayName": "Red",
                    "sortOrder": 60
                },
                "purple": {
                    "displayName": "Purple",
                    "sortOrder": 70
                }
            }
        },
        "columnOrderOnSmallScreen": {
            "displayName": "Colums on small screen",
            "sortOrder": 20,
            "choices": {
                "normal": {
                    "displayName": "Normal",
                    "sortOrder": 10
                },
                "reversed": {
                    "displayName": "Reversed",
                    "sortOrder": 20
                }
            }
        }
    }
}