{
    "key": "HeadingElement",
    "displayName": "Heading",
    "description": "",
    "baseType": "element",
    "sortOrder": 0,
    "mayContainTypes": [],
    "mediaFileExtensions": [],
    "properties": {
        "Text": {
            "type": "string",
            "displayName": "Heading text",
            "description": "",
            "localized": false,
            "required": true,
            "group": "Information",
            "sortOrder": 0,
            "editorSettings": {}
        }
    }
}