{
    "key": "NavigationMenuBlock",
    "displayName": "Navigation Menu",
    "description": "",
    "baseType": "component",
    "sortOrder": 100,
    "mayContainTypes": [],
    "mediaFileExtensions": [],
    "properties": {
        "MenuNavigationHeading": {
            "type": "string",
            "format": "ShortString",
            "displayName": "Heading",
            "description": "",
            "localized": true,
            "required": false,
            "group": "Information",
            "sortOrder": 10,
            "editorSettings": {}
        },
        "NavigationLinks": {
            "type": "array",
            "format": "LinkCollection",
            "displayName": "Links",
            "description": "",
            "localized": false,
            "required": false,
            "group": "Information",
            "sortOrder": 20,
            "editorSettings": {},
            "items": {
                "type": "component",
                "contentType": "link"
            }
        }
    }
}