{
    "key": "CTAElementAnimatedStyles",
    "displayName": "Animated / Fade-In",
    "contentType": "CTAElement",
    "isDefault": false,
    "settings": {
        "buttonType": {
            "displayName": "Button Type",
            "editor": "selectOne",
            "sortOrder": 10,
            "choices": {
                "primary": {
                    "displayName": "Primary",
                    "sortOrder": 10
                },
                "secondary": {
                    "displayName": "Secondary",
                    "sortOrder": 20
                },
                "link": {
                    "displayName": "Link",
                    "sortOrder": 30
                }
            }
        },
        "buttonAlign": {
            "displayName": "Align button",
            "editor": "selectOne",
            "sortOrder": 20,
            "choices": {
                "auto": {
                    "displayName": "Auto",
                    "sortOrder": 10
                },
                "left": {
                    "displayName": "Left",
                    "sortOrder": 20
                },
                "center": {
                    "displayName": "Center",
                    "sortOrder": 30
                },
                "right": {
                    "displayName": "Right",
                    "sortOrder": 40
                }
            }
        },
        "delay": {
            "displayName": "Animation delay",
            "editor": "selectOne",
            "sortOrder": 30,
            "choices": {
                "none": {
                    "displayName": "None",
                    "sortOrder": 10
                },
                "short": {
                    "displayName": "Short (0.5s)",
                    "sortOrder": 20
                },
                "medium": {
                    "displayName": "Medium (1s)",
                    "sortOrder": 30
                },
                "long": {
                    "displayName": "Long (1.5s)",
                    "sortOrder": 40
                },
                "verylong": {
                    "displayName": "Very Long (2s)",
                    "sortOrder": 50
                }
            }
        },
        "duration": {
            "displayName": "Animation duration",
            "editor": "selectOne",
            "sortOrder": 40,
            "choices": {
                "none": {
                    "displayName": "None",
                    "sortOrder": 10
                },
                "short": {
                    "displayName": "Short (0.5s)",
                    "sortOrder": 20
                },
                "medium": {
                    "displayName": "Medium (1s)",
                    "sortOrder": 30
                },
                "long": {
                    "displayName": "Long (1.5s)",
                    "sortOrder": 40
                },
                "verylong": {
                    "displayName": "Very Long (2s)",
                    "sortOrder": 50
                }
            }
        }
    }
}