{
    "key": "ImageElement",
    "displayName": "Image",
    "description": "",
    "baseType": "element",
    "sortOrder": 0,
    "mayContainTypes": [],
    "mediaFileExtensions": [],
    "properties": {
        "imageLink": {
            "type": "contentReference",
            "displayName": "Image",
            "description": "",
            "localized": false,
            "required": true,
            "group": "Information",
            "sortOrder": 20,
            "editorSettings": {},
            "allowedTypes": [
                "Image"
            ],
            "restrictedTypes": []
        },
        "altText": {
            "type": "string",
            "format": "shortString",
            "displayName": "Description",
            "description": "",
            "localized": true,
            "required": true,
            "group": "Information",
            "sortOrder": 10,
            "editorSettings": {}
        }
    }
}